<CharStrings>
    <CharString name="ampersand_ampersand.liga">
        -107 -13 75 555 84 hstemhm
          133 88 -6 90 278 88 -6 90 hintmask 11100100
          1043 -28 callsubr
          -67 callsubr
          hintmask 11011000
          -98 -62 -51 -71 -83 vvcurveto
          -2 vlineto
          -40 46 37 65 35 89 25 98 rlinecurve
          -79 9 -16 -75 -22 -73 -26 -59 rlinecurve
          -67 callsubr
          hintmask 11100100
          -1 callgsubr
          -37 31 91 -85 129 hhcurveto
          70 71 37 85 58 hvcurveto
          31 -37 33 -41 36 -46 rrcurveto
          -730 77 rmoveto
          -45 callsubr
          hintmask 11101000
          450 hmoveto
          -45 callsubr
          endchar
        
    </CharString>
    <CharString name="bar_bar.liga">
        -107 781 -20 hstem
          382 85 316 85 vstem
          382 -202 12 callgsubr
          rlineto
          401 -983 12 callgsubr
          rlineto
          endchar
        
    </CharString>
    <CharString name="bar_greater.liga">
        -107 781 -20 hstem
          368 85 457 84 vstem
          368 -202 rmoveto
          85 hlineto
          541 454 rlineto
          77 vlineto
          -541 460 -85 -8 rlineto
          85 -877 rmoveto
          772 vlineto
          457 -380 rlineto
          -11 vlineto
          endchar
        
    </CharString>
    <CharString name="equal_equal.liga">
        -107 -27 callsubr
          87 1076 vstem
          1162 414 rmoveto
          1 77 rlineto
          -1076 -77 hlineto
          1075 -246 rmoveto
          1 77 rlineto
          -1076 -77 hlineto
          endchar
        
    </CharString>
    <CharString name="equal_equal_equal.liga">
        -3 callgsubr
          87 484 rmoveto
          -13 callsubr
          -267 vmoveto
          -13 callsubr
          -267 vmoveto
          -13 callsubr
          endchar
        
    </CharString>
    <CharString name="equal_equal_greater.liga">
        518 -27 callsubr
          1704 84 vstem
          1418 -25 rmoveto
          -53 callgsubr
          137 -113 rlineto
          -1422 -77 1515 hlineto
          102 -84 rlineto
          -11 vlineto
          -89 -74 rlineto
          -1528 -77 1435 hlineto
          -155 -129 rlineto
          endchar
        
    </CharString>
    <CharString name="equal_greater.liga">
        -107 -27 callsubr
          1079 84 vstem
          793 -25 rmoveto
          -53 callgsubr
          137 -113 rlineto
          -797 -77 890 hlineto
          102 -84 rlineto
          -11 vlineto
          -89 -74 rlineto
          -903 -77 810 hlineto
          -155 -129 rlineto
          endchar
        
    </CharString>
    <CharString name="exclam_equal.liga">
        -107 -27 callsubr
          87 1076 vstem
          411 -210 rmoveto
          198 378 rlineto
          552 hlineto
          2 77 rlineto
          -514 hlineto
          89 169 rlineto
          423 hlineto
          2 77 rlineto
          -385 hlineto
          146 279 -78 37 -165 -316 rlineto
          -594 -77 554 hlineto
          -89 -169 rlineto
          -465 -77 425 hlineto
          -181 -346 rlineto
          endchar
        
    </CharString>
    <CharString name="exclam_equal_equal.liga">
        -3 callgsubr
          717 -210 rmoveto
          164 314 rlineto
          906 -28 callgsubr
          -866 hlineto
          59 113 rlineto
          806 -28 callgsubr
          -767 hlineto
          59 113 rlineto
          707 -28 callgsubr
          -667 hlineto
          109 209 -78 37 -129 -246 rlineto
          -936 -77 896 hlineto
          -59 -113 rlineto
          -837 -77 797 hlineto
          -59 -113 rlineto
          -738 -77 697 hlineto
          -147 -282 rlineto
          endchar
        
    </CharString>
    <CharString name="greater_equal.liga">
        -107 -117 847 hstem
          878 84 vstem
          318 46 rmoveto
          644 307 rlineto
          77 vlineto
          -631 300 -52 -65 599 -268 rlineto
          -11 vlineto
          -611 -276 rlineto
          51 -227 rmoveto
          644 310 rlineto
          79 vlineto
          -695 -331 rlineto
          endchar
        
    </CharString>
    <CharString name="hyphen_greater.liga">
        -107 286 78 hstem
          87 1076 vstem
          793 -25 rmoveto
          -53 callgsubr
          291 -240 rlineto
          -951 -78 952 hlineto
          -297 -247 rlineto
          endchar
        
    </CharString>
    <CharString name="hyphen_hyphen.liga">
        -107 286 78 hstem
          229 792 vstem
          229 286 rmoveto
          346 13 callsubr
          -352 hlineto
          440 -78 rmoveto
          346 13 callsubr
          -352 hlineto
          endchar
        
    </CharString>
    <CharString name="hyphen_hyphen_greater.liga">
        518 286 78 hstem
          87 1701 vstem
          1418 -25 rmoveto
          -53 callgsubr
          291 -240 rlineto
          -1576 -78 1577 hlineto
          -297 -247 rlineto
          endchar
        
    </CharString>
    <CharString name="less_bar.liga">
        -107 781 -20 hstem
          252 84 451 85 vstem
          787 -202 12 callgsubr
          -535 -452 rlineto
          -77 vlineto
          535 -347 rmoveto
          -451 380 rlineto
          11 vlineto
          451 377 rlineto
          endchar
        
    </CharString>
    <CharString name="less_equal.liga">
        -107 -124 854 hstem
          288 84 vstem
          971 666 rmoveto
          -50 64 -633 -300 rlineto
          -77 vlineto
          631 -307 52 64 -599 276 rlineto
          11 vlineto
          -84 -125 rmoveto
          -78 vlineto
          631 -318 52 64 rlineto
          endchar
        
    </CharString>
    <CharString name="less_equal_equal.liga">
        518 -27 callsubr
          87 84 vstem
          456 -24 rmoveto
          52 64 -155 128 rlineto
          1434 -28 callgsubr
          -1528 hlineto
          -89 74 rlineto
          11 vlineto
          101 84 rlineto
          1515 -28 callgsubr
          -1423 hlineto
          138 114 -33 callsubr
          endchar
        
    </CharString>
    <CharString name="less_exclam_hyphen_hyphen.liga">
        1143 0 123 163 78 hstem
          824.5 127 vstem
          864 -20 callgsubr
          -408 -284 3 callgsubr
          546 13 callsubr
          -551 hlineto
          291 241 -33 callsubr
          942 hmoveto
          1378 13 callsubr
          -1384 hlineto
          -206 -364 9 callsubr
        
    </CharString>
    <CharString name="less_hyphen.liga">
        -107 286 78 hstem
          87 1076 vstem
          456 -24 3 callgsubr
          946 13 callsubr
          -951 hlineto
          291 241 -33 callsubr
          endchar
        
    </CharString>
    <CharString name="less_hyphen_hyphen.liga">
        518 286 78 hstem
          87 1701 vstem
          456 -24 3 callgsubr
          1571 13 callsubr
          -1576 hlineto
          291 241 -33 callsubr
          endchar
        
    </CharString>
    <CharString name="plus_plus.liga">
        -107 287 77 hstem
          348 81 391 81 vstem
          348 79 rmoveto
          81 208 391 -208 81 208 9 callgsubr
          -391 207 -81 -207 -197 -77 197 hlineto
          endchar
        
    </CharString>
</CharStrings>