<hmtx>
    <mtx name="ampersand_ampersand.liga" width="1250" lsb="133"/>
    <mtx name="bar_bar.liga" width="1250" lsb="382"/>
    <mtx name="bar_greater.liga" width="1250" lsb="368"/>
    <mtx name="equal_equal.liga" width="1250" lsb="87"/>
    <mtx name="equal_equal_equal.liga" width="1875" lsb="87"/>
    <mtx name="equal_equal_greater.liga" width="1875" lsb="87"/>
    <mtx name="equal_greater.liga" width="1250" lsb="87"/>
    <mtx name="exclam_equal.liga" width="1250" lsb="87"/>
    <mtx name="exclam_equal_equal.liga" width="1875" lsb="87"/>
    <mtx name="greater_equal.liga" width="1250" lsb="267"/>
    <mtx name="hyphen_greater.liga" width="1250" lsb="87"/>
    <mtx name="hyphen_hyphen.liga" width="1250" lsb="229"/>
    <mtx name="hyphen_hyphen_greater.liga" width="1875" lsb="87"/>
    <mtx name="less_bar.liga" width="1250" lsb="252"/>
    <mtx name="less_equal.liga" width="1250" lsb="288"/>
    <mtx name="less_equal_equal.liga" width="1875" lsb="87"/>
    <mtx name="less_exclam_hyphen_hyphen.liga" width="2500" lsb="87"/>
    <mtx name="less_hyphen.liga" width="1250" lsb="87"/>
    <mtx name="less_hyphen_hyphen.liga" width="1875" lsb="87"/>
    <mtx name="plus_plus.liga" width="1250" lsb="151"/>
</hmtx>