<GlyphOrder>
    <GlyphID id="1" name="exclam_equal.liga"/>
    <GlyphID id="2" name="equal_equal.liga"/>
    <GlyphID id="3" name="equal_greater.liga"/>
    <GlyphID id="4" name="greater_equal.liga"/>
    <GlyphID id="5" name="less_equal.liga"/>
    <GlyphID id="6" name="equal_equal_equal.liga"/>
    <GlyphID id="7" name="exclam_equal_equal.liga"/>
    <GlyphID id="8" name="ampersand_ampersand.liga"/>
    <GlyphID id="9" name="bar_bar.liga"/>
    <GlyphID id="10" name="plus_plus.liga"/>
    <GlyphID id="11" name="hyphen_hyphen.liga"/>
    <GlyphID id="12" name="equal_equal_greater.liga"/>
    <GlyphID id="13" name="hyphen_greater.liga"/>
    <GlyphID id="14" name="hyphen_hyphen_greater.liga"/>
    <GlyphID id="15" name="less_hyphen.liga"/>
    <GlyphID id="16" name="less_hyphen_hyphen.liga"/>
    <GlyphID id="17" name="less_equal_equal.liga"/>
    <GlyphID id="18" name="less_exclam_hyphen_hyphen.liga"/>
    <GlyphID id="19" name="less_bar.liga"/>
    <GlyphID id="20" name="bar_greater.liga"/>
</GlyphOrder>