<CharStrings>
    <CharString name="ampersand_ampersand.liga">
        -107 -10 96 -95 95 hstemhm
          111 104 hintmask 10100000
          888 -20 rmoveto
          89 65 -42 46 -36 44 -29 42 rlinecurve
          38 47 39 58 41 69 -88 31 rcurveline
          -25 -49 -25 -44 -27 -39 -29 52 -19 51 -10 51 3 callgsubr
          26 22 vvcurveto
          22 -7 17 -49 callgsubr
          -85 -69 -58 -67 -29 -66 -42 74 -25 62 -9 49 3 callgsubr
          26 22 vvcurveto
          22 -7 17 -49 callgsubr
          -129 -104 -65 -101 -97 vvcurveto
          hintmask 01100000
          1 callsubr
          hintmask 10100000
          33 -47 rlineto
          -39 31 37 -19 44 hhcurveto
          65 69 35 70 75 hvcurveto
          28 -39 31 -39 33 -37 rrcurveto
          -503 204 rmoveto
          5 -7 4 -8 5 -8 rrcurveto
          -50 -49 -44 -25 -39 hhcurveto
          2 callsubr
          12 -44 20 -48 30 -53 rrcurveto
          359 -8 rmoveto
          9 -15 rlineto
          -50 -49 -44 -25 -39 hhcurveto
          2 callsubr
          12 -46 23 -51 32 -56 rrcurveto
          endchar
        
    </CharString>
    <CharString name="bar_bar.liga">
        -107 -182 895 hstem
          232 636 vstem
          333 -182 rmoveto
          110 560 65 335 -102 -3 -174 -892 rlineto
          636 895 rmoveto
          -102 -3 -65 -332 -109 -560 rlineto
          101 hlineto
          endchar
        
    </CharString>
    <CharString name="bar_greater.liga">
        -107 -182 895 hstem
          276 646 vstem
          276 -182 rmoveto
          101 hlineto
          528 420 17 91 -370 384 -102 -3 rlineto
          -45 -749 rmoveto
          123 630 289 -292 -2 -11 rlineto
          endchar
        
    </CharString>
    <CharString name="equal_equal.liga">
        -107 -25 callgsubr
          1002 vstem
          1033 365 rmoveto
          18 91 rlineto
          -940 -34 callsubr
          898 -220 rmoveto
          19 91 rlineto
          -941 -34 callsubr
          endchar
        
    </CharString>
    <CharString name="equal_equal_equal.liga">
        10 callgsubr
          1583 436 rmoveto
          18 91 rlineto
          -1450 -34 callsubr
          -21 -77 rmoveto
          -19 -91 rlineto
          1451 17 callgsubr
          -61 -254 rmoveto
          19 91 rlineto
          -1451 -34 callsubr
          endchar
        
    </CharString>
    <CharString name="equal_equal_greater.liga">
        443 -25 callgsubr
          1529 vstem
          1143 -53 callgsubr
          83 -83 rlineto
          -1195 -34 callsubr
          1306 hlineto
          75 -75 -2 -11 -65 -43 rlineto
          -1338 -34 callsubr
          1219 hlineto
          endchar
        
    </CharString>
    <CharString name="equal_greater.liga">
        -107 -25 callgsubr
          993 vstem
          607 -53 callgsubr
          83 -83 rlineto
          -659 -34 callsubr
          770 hlineto
          75 -75 -2 -11 -65 -43 rlineto
          -802 -34 callsubr
          683 hlineto
          endchar
        
    </CharString>
    <CharString name="exclam_equal.liga">
        -107 -25 callgsubr
          1002 vstem
          990 145 rmoveto
          19 91 rlineto
          -428 hlineto
          88 129 rlineto
          364 17 callgsubr
          -320 hlineto
          159 234 -89 36 -184 -270 rlineto
          -506 -34 callsubr
          462 hlineto
          -88 -129 rlineto
          -398 -34 callsubr
          355 hlineto
          -208 -305 96 -28 227 333 rlineto
          endchar
        
    </CharString>
    <CharString name="exclam_equal_equal.liga">
        10 callgsubr
          1111 690 rmoveto
          -89 36 -136 -199 rlineto
          -735 -34 callsubr
          692 hlineto
          -53 -77 rlineto
          -660 -34 callsubr
          617 hlineto
          -49 -72 rlineto
          -592 -34 callsubr
          549 hlineto
          -181 -265 96 -28 200 293 rlineto
          787 hlineto
          19 91 rlineto
          -744 hlineto
          49 72 rlineto
          719 17 callgsubr
          -675 hlineto
          52 77 rlineto
          645 17 callgsubr
          -601 hlineto
          endchar
        
    </CharString>
    <CharString name="greater_equal.liga">
        -107 -116 856 hstem
          243 615 vstem
          243 182 rmoveto
          45 -85 553 261 17 91 -461 291 -74 -72 430 -249 -2 -11 rlineto
          106 -150 rmoveto
          -610 -290 30 -84 562 271 rlineto
          endchar
        
    </CharString>
    <CharString name="hyphen_greater.liga">
        -107 251 93 hstem
          82 936 vstem
          583 -53 callgsubr
          196 -195 rlineto
          -759 hlineto
          -18 -93 rlineto
          786 hlineto
          endchar
        
    </CharString>
    <CharString name="hyphen_hyphen.liga">
        -107 251 93 hstem
          195 710 vstem
          195 251 rmoveto
          302 hlineto
          17 93 rlineto
          -301 hlineto
          692 hmoveto
          -301 hlineto
          -18 -93 rlineto
          302 hlineto
          endchar
        
    </CharString>
    <CharString name="hyphen_hyphen_greater.liga">
        443 251 93 hstem
          82 1486 vstem
          1133 -53 callgsubr
          196 -195 rlineto
          -1309 hlineto
          -18 -93 rlineto
          1336 hlineto
          endchar
        
    </CharString>
    <CharString name="less_bar.liga">
        -107 -182 895 hstem
          201 685 vstem
          610 -182 rmoveto
          101 hlineto
          175 895 -102 -3 -567 -381 -16 -91 rlineto
          433 -298 rmoveto
          -328 329 2 10 450 300 rlineto
          endchar
        
    </CharString>
    <CharString name="less_equal.liga">
        -107 -128 863 hstem
          256 628 vstem
          884 651 rmoveto
          -45 84 -534 -295 -16 -91 440 -249 74 72 -409 208 2 10 rlineto
          -120 -122 rmoveto
          -20 -97 481 -299 66 67 rlineto
          endchar
        
    </CharString>
    <CharString name="less_equal_equal.liga">
        443 145 91 129 91 hstem
          81 1511 vstem
          1574 365 rmoveto
          18 91 rlineto
          -1183 hlineto
          107 71 -47 callgsubr
          -95 95 rlineto
          1191 hlineto
          19 91 rlineto
          -1300 hlineto
          -64 64 2 10 83 55 rlineto
          endchar
        
    </CharString>
    <CharString name="less_exclam_hyphen_hyphen.liga">
        993 0 131 120 93 hstem
          81 2038 vstem
          729 -36 callgsubr
          -213 282 rmoveto
          -47 callgsubr
          -200 201 rlineto
          369 hlineto
          17 93 rlineto
          -382 hlineto
          1863 -93 rmoveto
          17 93 rlineto
          -1169 hlineto
          -18 -93 rlineto
          -152 -251 rmoveto
          26 131 rlineto
          -135 hlineto
          -26 -131 rlineto
          endchar
        
    </CharString>
    <CharString name="less_hyphen.liga">
        -107 251 93 hstem
          82 936 vstem
          517 527 rmoveto
          -47 callgsubr
          -200 201 rlineto
          765 hlineto
          17 93 rlineto
          -778 hlineto
          endchar
        
    </CharString>
    <CharString name="less_hyphen_hyphen.liga">
        443 251 93 hstem
          82 1486 vstem
          517 527 rmoveto
          -47 callgsubr
          -200 201 rlineto
          1315 hlineto
          17 93 rlineto
          -1328 hlineto
          endchar
        
    </CharString>
    <CharString name="plus_plus.liga">
        -107 252 91 hstem
          100 900 vstem
          810 252 rmoveto
          171 hlineto
          19 91 rlineto
          -173 6 callgsubr
          -97 hlineto
          -35 -179 rlineto
          -343 -18 callsubr
          35 179 rlineto
          343 hlineto
          -35 -179 rlineto
          97 hlineto
          endchar
        
    </CharString>
</CharStrings>