<hmtx>
    <mtx name="ampersand_ampersand.liga" width="1100" lsb="111"/>
    <mtx name="bar_bar.liga" width="1100" lsb="232"/>
    <mtx name="bar_greater.liga" width="1100" lsb="276"/>
    <mtx name="equal_equal.liga" width="1100" lsb="49"/>
    <mtx name="equal_equal_equal.liga" width="1650" lsb="49"/>
    <mtx name="equal_equal_greater.liga" width="1650" lsb="49"/>
    <mtx name="equal_greater.liga" width="1100" lsb="49"/>
    <mtx name="exclam_equal.liga" width="1100" lsb="49"/>
    <mtx name="exclam_equal_equal.liga" width="1650" lsb="49"/>
    <mtx name="greater_equal.liga" width="1100" lsb="243"/>
    <mtx name="hyphen_greater.liga" width="1100" lsb="82"/>
    <mtx name="hyphen_hyphen.liga" width="1100" lsb="195"/>
    <mtx name="hyphen_hyphen_greater.liga" width="1650" lsb="82"/>
    <mtx name="less_bar.liga" width="1100" lsb="201"/>
    <mtx name="less_equal.liga" width="1100" lsb="256"/>
    <mtx name="less_equal_equal.liga" width="1650" lsb="81"/>
    <mtx name="less_exclam_hyphen_hyphen.liga" width="2200" lsb="81"/>
    <mtx name="less_hyphen.liga" width="1100" lsb="82"/>
    <mtx name="less_hyphen_hyphen.liga" width="1650" lsb="82"/>
    <mtx name="plus_plus.liga" width="1100" lsb="100"/>
</hmtx>