<CharStrings>
    <CharString name="ampersand_ampersand.liga">
        -107 -15 717 hstemhm
          518 150 hintmask 00000000
          hintmask 11000000
          514 702 rmoveto
          8 -112 rlineto
          -157 7 -39 -34 -53 vvcurveto
          -46 53 -56 110 -129 vhcurveto
          20 53 18 62 12 57 104 -13 rcurveline
          -23 -86 -35 -84 -34 -62 32 -39 rcurveline
          7 79 50 62 89 56 rrcurveto
          -40 55 -21 43 45 vvcurveto
          98 74 102 237 -5 vhcurveto
          7 -112 rlineto
          -157 7 -38 -35 -53 vvcurveto
          -46 53 -54 110 -129 vhcurveto
          20 53 18 60 12 57 104 -13 rcurveline
          -23 -86 -35 -83 -34 -62 35 -42 39 -48 43 -55 -100 -76 rcurveline
          -31 41 -28 37 -27 34 rrcurveto
          -77 -55 -70 -34 -70 hhcurveto
          -14 -13 1 2 -12 hvcurveto
          -55 7 -102 24 -73 77 rrcurveto
          -77 -55 -71 -34 -70 hhcurveto
          -113 -57 71 92 88 51 67 96 60 hvcurveto
          -40 55 -21 44 45 vvcurveto
          98 74 101 237 -5 vhcurveto
          -203 -397 rmoveto
          -51 -41 -26 -44 -46 vvcurveto
          -50 27 -39 53 40 37 26 54 34 vhcurveto
          -45 56 -37 45 -32 39 rrcurveto
          388 -131 rmoveto
          -50 27 -39 53 40 37 25 54 34 vhcurveto
          -45 56 -39 46 -32 39 rrcurveto
          -51 -41 -24 -44 -46 vvcurveto
          endchar
        
    </CharString>
    <CharString name="bar_bar.liga">
        -107 -203 1000 hstem
          498 254 vstem
          382 787 rmoveto
          116 10 rlineto
          -1000 -116 vlineto
          370 hmoveto
          990 vlineto
          116 10 rlineto
          -1000 vlineto
          endchar
        
    </CharString>
    <CharString name="bar_greater.liga">
        -107 787 -20 hstem
          347 116 428 111 vstem
          347 -203 rmoveto
          107 hlineto
          548 448 rlineto
          103 vlineto
          -545 448 -110 -9 rlineto
          116 -843 rmoveto
          704 vlineto
          428 -346 rlineto
          -12 vlineto
          endchar
        
    </CharString>
    <CharString name="equal_equal.liga">
        -107 160 105 138 105 5 callsubr
          87 403 rmoveto
          1076 105 -1076 hlineto
          1076 -243 rmoveto
          -1076 -105 1076 hlineto
          endchar
        
    </CharString>
    <CharString name="equal_equal_equal.liga">
        518 186 100 204 104 3 callsubr
          1788 490 rmoveto
          104 -1701 -104 vlineto
          1701 -100 rmoveto
          -104 -1701 104 vlineto
          -204 vmoveto
          1701 -104 -1701 hlineto
          endchar
        
    </CharString>
    <CharString name="equal_equal_greater.liga">
        518 160 18 callgsubr
          1677 111 vstem
          87 160 rmoveto
          1389 hlineto
          -124 -100 -2 callgsubr
          105 -84 rlineto
          -1373 -104 1503 hlineto
          87 -70 rlineto
          -12 vlineto
          -72 -58 rlineto
          -1518 hlineto
          endchar
        
    </CharString>
    <CharString name="equal_greater.liga">
        -107 60 100 104 140 104 84 5 callsubr
          800 680 rmoveto
          363 -300 rlineto
          -103 vlineto
          -370 -303 -67 86 125 100 rlineto
          -764 104 894 hlineto
          71 58 rlineto
          12 vlineto
          -88 70 rlineto
          -877 104 749 hlineto
          -106 84 rlineto
          endchar
        
    </CharString>
    <CharString name="exclam_equal.liga">
        -107 264 140 5 callsubr
          87 160 rmoveto
          104 430 vlineto
          72 140 rlineto
          -502 104 555 hlineto
          160 314 105 -50 -135 -264 rlineto
          391 -104 -444 hlineto
          -71 -140 rlineto
          515 -104 -568 hlineto
          -195 -382 -106 48 170 334 rlineto
          endchar
        
    </CharString>
    <CharString name="exclam_equal_equal.liga">
        518 186 100 104 100 3 callsubr
          1104 822 rmoveto
          105 -50 -91 -178 rlineto
          670 -104 -723 hlineto
          -51 -100 rlineto
          774 -104 -827 hlineto
          -51 -100 rlineto
          878 -104 -931 hlineto
          -155 -304 -106 48 131 256 rlineto
          -640 104 693 hlineto
          51 100 rlineto
          -744 104 797 hlineto
          51 100 rlineto
          -848 104 901 hlineto
          endchar
        
    </CharString>
    <CharString name="greater_equal.liga">
        -107 -175 905 hstem
          276 686 vstem
          348 730 rmoveto
          614 -300 rlineto
          -103 vlineto
          -620 -304 -66 87 575 262 rlineto
          12 vlineto
          -572 258 rlineto
          63 -817 rmoveto
          620 304 rlineto
          107 vlineto
          -676 -326 rlineto
          endchar
        
    </CharString>
    <CharString name="hyphen_greater.liga">
        -107 278 105 5 callsubr
          793 -26 rmoveto
          370 303 rlineto
          103 vlineto
          -364 299 -68 -87 259 -209 rlineto
          -903 -105 912 hlineto
          -271 -218 rlineto
          endchar
        
    </CharString>
    <CharString name="hyphen_hyphen.liga">
        -107 278 105 hstem
          207 836 vstem
          207 383 rmoveto
          356 hlineto
          -10 -105 rlineto
          -346 hlineto
          836 105 rmoveto
          -356 -105 346 hlineto
          endchar
        
    </CharString>
    <CharString name="hyphen_hyphen_greater.liga">
        518 383 209 3 callsubr
          1418 -26 rmoveto
          -66 85 272 219 rlineto
          -1537 105 1528 hlineto
          -260 209 70 88 363 -300 rlineto
          -103 vlineto
          endchar
        
    </CharString>
    <CharString name="less_bar.liga">
        -107 787 -20 hstem
          274 112 421 116 vstem
          274 246 rmoveto
          545 -449 rlineto
          104 1001 hlineto
          -115 -11 rlineto
          -1 hlineto
          -533 -438 rlineto
          112 -57 rmoveto
          12 vlineto
          421 342 rlineto
          -697 vlineto
          endchar
        
    </CharString>
    <CharString name="less_equal.liga">
        -107 -175 905 hstem
          288 686 vstem
          902 730 rmoveto
          69 -88 -572 -258 rlineto
          -12 vlineto
          575 -262 -66 -87 -620 304 rlineto
          103 vlineto
          620 -605 rmoveto
          -620 304 rlineto
          107 vlineto
          676 -326 rlineto
          endchar
        
    </CharString>
    <CharString name="less_equal_equal.liga">
        518 160 18 callgsubr
          87 112 vstem
          521 595 rmoveto
          -66 86 -368 -302 rlineto
          -103 vlineto
          368 -302 68 87 -124 99 rlineto
          1389 104 -1516 hlineto
          -73 58 rlineto
          12 vlineto
          86 70 rlineto
          1503 104 -1373 hlineto
          endchar
        
    </CharString>
    <CharString name="less_exclam_hyphen_hyphen.liga">
        1143 0 145 hstemhm
          878 159.5 -114.5 83 hintmask 00000000
          hintmask 10100000
          1049 752 rmoveto
          -158 hlineto
          1 -53 31 -378 -50 vvcurveto
          83 hlineto
          2 50 39 378 2 53 rrcurveto
          -594 -71 rmoveto
          66 -87 -262 -211 rlineto
          547 hlineto
          -19 -105 rlineto
          -532 hlineto
          268 15 callgsubr
          1041 4 rmoveto
          1285 hlineto
          -11 -105 rlineto
          -1274 hlineto
          hintmask 11000000
          -248 -133 rmoveto
          -4 -145 rlineto
          159 hlineto
          5 145 rlineto
          endchar
        
    </CharString>
    <CharString name="less_hyphen.liga">
        -107 -26 707 5 callsubr
          455 681 rmoveto
          65 -87 -259 -211 rlineto
          902 hlineto
          -11 -105 rlineto
          -900 hlineto
          270 -215 -69 -89 -366 303 rlineto
          102 vlineto
          endchar
        
    </CharString>
    <CharString name="less_hyphen_hyphen.liga">
        518 -26 707 3 callsubr
          455 681 rmoveto
          66 -87 -261 -211 rlineto
          1528 hlineto
          -10 -105 rlineto
          -1524 hlineto
          269 15 callgsubr
          endchar
        
    </CharString>
    <CharString name="plus_plus.liga">
        -107 81 498 hstem
          142 966 vstem
          330 579 rmoveto
          110 -197 372 197 110 -197 186 -103 -186 -198 -110 198 -372 -198 -110 198 -188 103 188 hlineto
          endchar
        
    </CharString>
</CharStrings>