<CharStrings>
    <CharString name="ampersand_ampersand.liga">
        -107 -13 90 454 102 hstemhm
          72 106 -29 112 270 106 -29 112 hintmask 11101000
          896 531 rmoveto
          -7 102 rlineto
          hintmask 11100100
          -6 callgsubr
          hintmask 11011000
          -89 -55 -44 -65 -75 vvcurveto
          -12 1 -12 2 -11 vhcurveto
          -18 22 -24 29 -29 37 -36 callsubr
          25 12 46 4 67 -3 -7 102 rcurveline
          -6 callgsubr
          hintmask 11100100
          -89 -55 -44 -65 -75 vvcurveto
          -43 13 -35 26 -27 vhcurveto
          -27 27 38 -14 49 hhcurveto
          69 59 33 67 47 hvcurveto
          47 -65 94 -33 143 -2 rrcurveto
          20 callsubr
          91 69 rcurveline
          -13 16 -35 44 -58 71 -36 callsubr
          hintmask 11101000
          25 12 46 4 67 -3 rrcurveto
          -650 -256 rmoveto
          25 -30 21 -26 58 -70 rlineto
          -48 -31 -33 -24 -37 hhcurveto
          -23 -17 8 15 -12 hvcurveto
          -13 -13 callsubr
          459 hmoveto
          35 -43 21 -25 48 -58 rlineto
          -48 -31 -33 -24 -37 hhcurveto
          -23 -17 8 15 -13 hvcurveto
          -12 -13 callsubr
          endchar
        
    </CharString>
    <CharString name="bar_bar.liga">
        -107 1 callgsubr
          323 105 244 105 vstem
          428 718 11 callsubr
          349 901 11 callsubr
          endchar
        
    </CharString>
    <CharString name="bar_greater.liga">
        -107 1 callgsubr
          318 105 370 100 vstem
          318 -183 rmoveto
          105 hlineto
          470 419 rlineto
          93 vlineto
          -470 389 -105 -9 rlineto
          105 -761 rmoveto
          640 vlineto
          370 -300 rlineto
          -11 vlineto
          endchar
        
    </CharString>
    <CharString name="equal_equal.liga">
        -107 143 13 callsubr
          72 956 vstem
          1028 364 rmoveto
          94 vlineto
          -956 -9 callsubr
          956 -218 rmoveto
          94 vlineto
          -956 -9 callsubr
          endchar
        
    </CharString>
    <CharString name="equal_equal_equal.liga">
        443 102 94 67 94 76 94 12 callgsubr
          1578 528 rmoveto
          -1506 -9 callsubr
          1506 2 rlineto
          -1506 -78 rmoveto
          -94 vlineto
          1506 2 rlineto
          94 vlineto
          -255 vmoveto
          94 vlineto
          -1506 -9 callsubr
          endchar
        
    </CharString>
    <CharString name="equal_equal_greater.liga">
        443 143 13 callsubr
          1478 100 vstem
          1185 58 -56 callsubr
          99 -79 -1215 -9 callsubr
          1332 2 74 -59 rlineto
          -11 vlineto
          -70 -56 -1336 -9 callsubr
          1219 2 rlineto
          endchar
        
    </CharString>
    <CharString name="equal_greater.liga">
        -107 143 13 callsubr
          928 100 vstem
          635 58 -56 callsubr
          99 -79 -665 -9 callsubr
          782 2 74 -59 rlineto
          -11 vlineto
          -70 -56 -786 -9 callsubr
          669 2 rlineto
          endchar
        
    </CharString>
    <CharString name="exclam_equal.liga">
        -107 143.5 94 125 94 hstem
          72 956 vstem
          1028 144 rmoveto
          94 vlineto
          -457 -1 65 126 392 1 rlineto
          94 vlineto
          -344 -1 121 238 -96 46 -145 -284 -492 -1 rlineto
          -94 vlineto
          445 1 -65 -126 -380 -1 rlineto
          -94 vlineto
          333 1 -153 -300 96 -43 175 343 rlineto
          endchar
        
    </CharString>
    <CharString name="exclam_equal_equal.liga">
        443 102.5 94 67 94 75 94 12 callgsubr
          1065 695 rmoveto
          -96 46 -109 -214 -788 -1 rlineto
          -94 vlineto
          740 1 -38 -76 -702 -1 rlineto
          -94 vlineto
          654 1 -34 -67 -620 -1 rlineto
          -94 vlineto
          572 1 -132 -259 96 -43 154 302 816 1 rlineto
          94 vlineto
          -768 -1 34 67 734 1 rlineto
          94 vlineto
          -686 -1 39 76 647 1 rlineto
          94 vlineto
          -599 -1 rlineto
          endchar
        
    </CharString>
    <CharString name="greater_equal.liga">
        -107 -101 834 hstem
          740 100 vstem
          257 174 rmoveto
          60 -78 523 257 rlineto
          126 vlineto
          -518 254 -62 -80 480 -232 rlineto
          -11 vlineto
          -483 -445 rmoveto
          51 -66 534 262 -2 96 rlineto
          endchar
        
    </CharString>
    <CharString name="hyphen_greater.liga">
        -107 250 95 hstem
          72 956 vstem
          635 54 -56 callsubr
          235 -188 rlineto
          -801 -95 806 hlineto
          endchar
        
    </CharString>
    <CharString name="hyphen_hyphen.liga">
        -107 250 95 hstem
          190 720 vstem
          502 250 rmoveto
          26 callgsubr
          712 hmoveto
          26 callgsubr
          endchar
        
    </CharString>
    <CharString name="hyphen_hyphen_greater.liga">
        443 250 95 12 callgsubr
          1185 54 -56 callsubr
          235 -188 rlineto
          -1351 -95 1356 hlineto
          endchar
        
    </CharString>
    <CharString name="less_bar.liga">
        -107 1 callgsubr
          230 100 363 105 vstem
          693 -183 rmoveto
          105 901 hlineto
          -105 -9 -463 -380 rlineto
          -93 vlineto
          463 -283 rmoveto
          -363 324 rlineto
          11 vlineto
          363 293 rlineto
          endchar
        
    </CharString>
    <CharString name="less_equal.liga">
        -107 -101 834 hstem
          257 585 vstem
          842 174 rmoveto
          -60 -78 -523 257 rlineto
          126 vlineto
          518 254 62 -80 -480 -232 rlineto
          -11 vlineto
          483 -445 rmoveto
          -51 -66 -534 262 2 96 rlineto
          endchar
        
    </CharString>
    <CharString name="less_equal_equal.liga">
        443 58 85 94 126 94 80 12 callgsubr
          465 58 -29 callsubr
          -99 -79 1215 -9 callsubr
          -1332 2 -74 -59 rlineto
          -11 vlineto
          70 -56 1336 -9 callsubr
          -1219 2 rlineto
          endchar
        
    </CharString>
    <CharString name="less_exclam_hyphen_hyphen.liga">
        993 0 131 119 95 hstemhm
          689.5 8 callgsubr
          hintmask 11001000
          730 17 callsubr
          hintmask 11010000
          -4 callsubr
          hintmask 11001000
          9 -129 5 -73 -16 vvcurveto
          -120 5 rmoveto
          8 95 rlineto
          -383 hlineto
          236 190 7 callsubr
          -242 194 rlineto
          1890 95 rmoveto
          -1193 hlineto
          -9 -95 rlineto
          1194 hlineto
          hintmask 11100000
          -1281 -250 rmoveto
          4 131 rlineto
          -144 hlineto
          -3 -131 rlineto
          endchar
        
    </CharString>
    <CharString name="less_hyphen.liga">
        -107 345 188 hstem
          72 956 vstem
          465 54 -29 callsubr
          -235 -188 rlineto
          801 -95 -806 hlineto
          endchar
        
    </CharString>
    <CharString name="less_hyphen_hyphen.liga">
        443 54 196 95 188 12 callgsubr
          465 54 -29 callsubr
          -235 -188 rlineto
          1351 -95 -1356 hlineto
          endchar
        
    </CharString>
    <CharString name="plus_plus.liga">
        -107 251 93 hstem
          286 99 331 99 vstem
          815 19 callgsubr
          -331 178 -99 -178 -169 -93 169 -178 99 178 331 -178 99 hlineto
          endchar
        
    </CharString>
</CharStrings>