<hmtx>
    <mtx name="ampersand_ampersand.liga" width="1100" lsb="72"/>
    <mtx name="bar_bar.liga" width="1100" lsb="323"/>
    <mtx name="bar_greater.liga" width="1100" lsb="318"/>
    <mtx name="equal_equal.liga" width="1100" lsb="72"/>
    <mtx name="equal_equal_equal.liga" width="1650" lsb="72"/>
    <mtx name="equal_equal_greater.liga" width="1650" lsb="72"/>
    <mtx name="equal_greater.liga" width="1100" lsb="72"/>
    <mtx name="exclam_equal.liga" width="1100" lsb="72"/>
    <mtx name="exclam_equal_equal.liga" width="1650" lsb="72"/>
    <mtx name="greater_equal.liga" width="1100" lsb="257"/>
    <mtx name="hyphen_greater.liga" width="1100" lsb="72"/>
    <mtx name="hyphen_hyphen.liga" width="1100" lsb="190"/>
    <mtx name="hyphen_hyphen_greater.liga" width="1650" lsb="72"/>
    <mtx name="less_bar.liga" width="1100" lsb="230"/>
    <mtx name="less_equal.liga" width="1100" lsb="257"/>
    <mtx name="less_equal_equal.liga" width="1650" lsb="72"/>
    <mtx name="less_exclam_hyphen_hyphen.liga" width="2200" lsb="80"/>
    <mtx name="less_hyphen.liga" width="1100" lsb="72"/>
    <mtx name="less_hyphen_hyphen.liga" width="1650" lsb="72"/>
    <mtx name="plus_plus.liga" width="1100" lsb="117"/>
</hmtx>