<CharStrings>
    <CharString name="ampersand_ampersand.liga">
        -107 -11 81 640 -20 hstem
          98 87 142 84 167 87 142 84 vstem
          1065 -21 rmoveto
          71 58 -52 52 -43 50 -36 50 rlinecurve
          -72 callsubr
          -3 vlineto
          -19 23 -18 23 -16 22 -72 callsubr
          -83 45 -52 83 71 82 45 87 86 vhcurveto
          -48 34 69 -84 138 hhcurveto
          71 82 45 87 86 hvcurveto
          34 -48 40 -47 46 -47 rrcurveto
          -813 91 rmoveto
          -47 callsubr
          480 hmoveto
          -47 callsubr
          endchar
        
    </CharString>
    <CharString name="bar_bar.liga">
        -107 782 -20 hstem
          291 676 vstem
          291 -201 -2 callgsubr
          -3 rlineto
          208 -983 -2 callgsubr
          -3 rlineto
          endchar
        
    </CharString>
    <CharString name="bar_greater.liga">
        -107 782 -20 hstem
          300 718 vstem
          300 -201 rmoveto
          84 hlineto
          620 453 14 77 -442 456 -84 -3 rlineto
          -86 -868 rmoveto
          150 769 373 -380 -2 -10 rlineto
          endchar
        
    </CharString>
    <CharString name="equal_equal.liga">
        -107 -30 callsubr
          71 1131 vstem
          118 414 rmoveto
          1068 -6 callsubr
          -1069 hlineto
          -62 -322 rmoveto
          1068 15 callsubr
          -1068 hlineto
          endchar
        
    </CharString>
    <CharString name="equal_equal_equal.liga">
        -5 callsubr
          132 468 12 callgsubr
          -50 -249 12 callgsubr
          -53 -266 rmoveto
          1690 15 callsubr
          -1690 hlineto
          endchar
        
    </CharString>
    <CharString name="equal_equal_greater.liga">
        518 -30 callsubr
          71 1728 vstem
          1366 -21 rmoveto
          -43 callgsubr
          115 -116 rlineto
          -1410 -34 callsubr
          1500 hlineto
          92 -93 -2 -10 -97 -67 rlineto
          -1525 -34 callsubr
          1429 hlineto
          -173 -119 rlineto
          endchar
        
    </CharString>
    <CharString name="equal_greater.liga">
        -107 -30 callsubr
          71 1103 vstem
          741 -21 rmoveto
          -43 callgsubr
          115 -116 rlineto
          -785 -34 callsubr
          875 hlineto
          92 -93 -2 -10 -97 -67 rlineto
          -900 -34 callsubr
          804 hlineto
          -173 -119 rlineto
          endchar
        
    </CharString>
    <CharString name="exclam_equal.liga">
        -107 -30 callsubr
          71 1131 vstem
          342 -202 rmoveto
          257 370 rlineto
          540 15 callsubr
          -502 hlineto
          118 170 rlineto
          416 -6 callsubr
          -379 hlineto
          191 275 -72 32 -214 -307 rlineto
          -595 -34 callsubr
          557 hlineto
          -118 -170 rlineto
          -471 -34 callsubr
          433 hlineto
          -242 -348 rlineto
          endchar
        
    </CharString>
    <CharString name="exclam_equal_equal.liga">
        -5 callsubr
          646 -202 rmoveto
          213 307 rlineto
          890 15 callsubr
          -852 hlineto
          79 114 rlineto
          796 -6 callsubr
          -759 hlineto
          68 97 rlineto
          710 -6 callsubr
          -674 hlineto
          154 221 -72 32 -176 -253 rlineto
          -923 -34 callsubr
          885 hlineto
          -67 -97 rlineto
          -838 -34 callsubr
          800 hlineto
          -80 -114 rlineto
          -743 -34 callsubr
          705 hlineto
          -198 -285 rlineto
          endchar
        
    </CharString>
    <CharString name="greater_equal.liga">
        -107 -153 883 hstem
          237 774 vstem
          311 40 rmoveto
          686 313 14 77 -573 300 -61 -60 526 -266 -2 -10 -629 -284 rlineto
          4 -263 rmoveto
          691 317 13 96 -743 -343 rlineto
          endchar
        
    </CharString>
    <CharString name="hyphen_greater.liga">
        -107 15 callgsubr
          93 1081 vstem
          741 -21 rmoveto
          -43 callgsubr
          239 -242 rlineto
          -934 hlineto
          -15 -78 rlineto
          954 hlineto
          -345 -237 rlineto
          endchar
        
    </CharString>
    <CharString name="hyphen_hyphen.liga">
        -107 15 callgsubr
          251 768 vstem
          251 286 rmoveto
          331 13 callsubr
          407 -78 rmoveto
          331 13 callsubr
          endchar
        
    </CharString>
    <CharString name="hyphen_hyphen_greater.liga">
        518 15 callgsubr
          93 1706 vstem
          1366 -21 rmoveto
          -43 callgsubr
          239 -242 rlineto
          -1559 hlineto
          -15 -78 rlineto
          1579 hlineto
          -345 -237 rlineto
          endchar
        
    </CharString>
    <CharString name="less_bar.liga">
        -107 -201 987 hstem
          304 716 vstem
          744 -201 -2 callgsubr
          1 -618 -457 -14 -76 rlineto
          460 -351 rmoveto
          -371 376 2 10 519 386 rlineto
          endchar
        
    </CharString>
    <CharString name="less_equal.liga">
        -107 -134 864 hstem
          273 821 vstem
          881 50 rmoveto
          62 60 -509 269 2 10 658 271 -39 70 -734 -300 -14 -76 rlineto
          570 -488 rmoveto
          52 62 -637 353 -19 -93 rlineto
          endchar
        
    </CharString>
    <CharString name="less_equal_equal.liga">
        518 -30 callsubr
          96 1731 vstem
          406 -21 rmoveto
          62 60 -128 129 rlineto
          1424 15 callsubr
          -1515 hlineto
          -79 80 2 10 116 80 rlineto
          1508 -6 callsubr
          -1413 hlineto
          154 106 -39 70 -419 -291 -14 -76 rlineto
          endchar
        
    </CharString>
    <CharString name="less_exclam_hyphen_hyphen.liga">
        1143 0 124 162 78 hstem
          96 2332 vstem
          926 -23 callsubr
          -520 -281 -1 callgsubr
          600 hlineto
          15 78 rlineto
          -607 -29 callsubr
          986 -13 rmoveto
          1331 hlineto
          15 78 rlineto
          -1331 hlineto
          -259 -364 8 callsubr
        
    </CharString>
    <CharString name="less_hyphen.liga">
        -107 15 callgsubr
          96 1082 vstem
          406 -21 -1 callgsubr
          940 hlineto
          15 78 rlineto
          -947 -29 callsubr
          endchar
        
    </CharString>
    <CharString name="less_hyphen_hyphen.liga">
        518 15 callgsubr
          96 1707 vstem
          406 -21 -1 callgsubr
          1565 hlineto
          15 78 rlineto
          -1572 -29 callsubr
          endchar
        
    </CharString>
    <CharString name="plus_plus.liga">
        -107 287 76 hstem
          146 978 vstem
          146 287 rmoveto
          201 13 callgsubr
          40 208 rlineto
          399 13 callgsubr
          40 208 rlineto
          200 -6 callsubr
          -201 -14 callsubr
          -399 -14 callsubr
          -201 hlineto
          endchar
        
    </CharString>
</CharStrings>