<hmtx>
    <mtx name="ampersand_ampersand.liga" width="1250" lsb="98"/>
    <mtx name="bar_bar.liga" width="1250" lsb="291"/>
    <mtx name="bar_greater.liga" width="1250" lsb="300"/>
    <mtx name="equal_equal.liga" width="1250" lsb="71"/>
    <mtx name="equal_equal_equal.liga" width="1875" lsb="59"/>
    <mtx name="equal_equal_greater.liga" width="1875" lsb="71"/>
    <mtx name="equal_greater.liga" width="1250" lsb="71"/>
    <mtx name="exclam_equal.liga" width="1250" lsb="71"/>
    <mtx name="exclam_equal_equal.liga" width="1875" lsb="59"/>
    <mtx name="greater_equal.liga" width="1250" lsb="237"/>
    <mtx name="hyphen_greater.liga" width="1250" lsb="93"/>
    <mtx name="hyphen_hyphen.liga" width="1250" lsb="251"/>
    <mtx name="hyphen_hyphen_greater.liga" width="1875" lsb="93"/>
    <mtx name="less_bar.liga" width="1250" lsb="304"/>
    <mtx name="less_equal.liga" width="1250" lsb="273"/>
    <mtx name="less_equal_equal.liga" width="1875" lsb="96"/>
    <mtx name="less_exclam_hyphen_hyphen.liga" width="2500" lsb="96"/>
    <mtx name="less_hyphen.liga" width="1250" lsb="96"/>
    <mtx name="less_hyphen_hyphen.liga" width="1875" lsb="96"/>
    <mtx name="plus_plus.liga" width="1250" lsb="146"/>
</hmtx>